<?xml version="1.0" encoding="utf-8" ?>
<dwsync>
<file name="search_manager_form_modify_insert.php" server="chldydtn77.dothome.co.kr" local="132768904200000000" remote="132768904200000000" Dst="0" />
<file name="search_manager_form_modify.php" server="chldydtn77.dothome.co.kr" local="132768904200000000" remote="132768904200000000" Dst="0" />
<file name="search_manager_form_insert.php" server="chldydtn77.dothome.co.kr" local="132774296400000000" remote="132774296400000000" Dst="0" />
<file name="search_manager_form_delete.php" server="chldydtn77.dothome.co.kr" local="132774322200000000" remote="132774322200000000" Dst="0" />
<file name="search_manager_form.php" server="chldydtn77.dothome.co.kr" local="132768904200000000" remote="132768904200000000" Dst="0" />
<file name="search_list_view.php" server="chldydtn77.dothome.co.kr" local="132768904200000000" remote="132768904200000000" Dst="0" />
<file name="search_list.php" server="chldydtn77.dothome.co.kr" local="132774321000000000" remote="132774321000000000" Dst="0" />
<file name="member_modify_form.php" server="chldydtn77.dothome.co.kr" local="132768904200000000" remote="132768904200000000" Dst="0" />
<file name="member_modify.php" server="chldydtn77.dothome.co.kr" local="132768904200000000" remote="132768904200000000" Dst="0" />
<file name="member_insert.php" server="chldydtn77.dothome.co.kr" local="132768904200000000" remote="132768904200000000" Dst="0" />
<file name="member_form.php" server="chldydtn77.dothome.co.kr" local="132768904200000000" remote="132768904200000000" Dst="0" />
<file name="member_delete.php" server="chldydtn77.dothome.co.kr" local="132768904200000000" remote="132768904200000000" Dst="0" />
<file name="logout.php" server="chldydtn77.dothome.co.kr" local="132628860000000000" remote="132628860000000000" Dst="0" />
<file name="login_insert.php" server="chldydtn77.dothome.co.kr" local="132768904200000000" remote="132768904200000000" Dst="0" />
<file name="login_form.php" server="chldydtn77.dothome.co.kr" local="132768904200000000" remote="132768904200000000" Dst="0" />
<file name="jquery.js" server="chldydtn77.dothome.co.kr" local="132628860000000000" remote="132628860000000000" Dst="0" />
<file name="inquiry_manager_view.php" server="chldydtn77.dothome.co.kr" local="132768904200000000" remote="132768904200000000" Dst="0" />
<file name="inquiry_manager_list.php" server="chldydtn77.dothome.co.kr" local="132769121400000000" remote="132769121400000000" Dst="0" />
<file name="inquiry_insert.php" server="chldydtn77.dothome.co.kr" local="132769121400000000" remote="132769121400000000" Dst="0" />
<file name="inquiry_form.php" server="chldydtn77.dothome.co.kr" local="132768904200000000" remote="132768904200000000" Dst="0" />
<file name="index.php" server="chldydtn77.dothome.co.kr" local="132769121400000000" remote="132769121400000000" Dst="0" />
<file name="dbpassword.php" server="chldydtn77.dothome.co.kr" local="132769121400000000" remote="132769121400000000" Dst="0" />
<file name="ajax.php" server="chldydtn77.dothome.co.kr" local="132768904200000000" remote="132768904200000000" Dst="0" />
<file name="dbpassword.php" server="chldydtn88.dothome.co.kr" local="133080396690559545" remote="133080072600000000" Dst="0" />
<file name="ajax.php" server="chldydtn88.dothome.co.kr" local="132768904200000000" remote="133075644600000000" Dst="0" />
<file name="index.php" server="chldydtn88.dothome.co.kr" local="133080391204740072" remote="133080066600000000" Dst="0" />
<file name="inquiry_form.php" server="chldydtn88.dothome.co.kr" local="133076849585086452" remote="133076525400000000" Dst="0" />
<file name="inquiry_insert.php" server="chldydtn88.dothome.co.kr" local="133076860753072105" remote="133076536200000000" Dst="0" />
<file name="inquiry_manager_list.php" server="chldydtn88.dothome.co.kr" local="133076941052234280" remote="133076616600000000" Dst="0" />
<file name="inquiry_manager_view.php" server="chldydtn88.dothome.co.kr" local="133076949496940923" remote="133076625000000000" Dst="0" />
<file name="jquery.js" server="chldydtn88.dothome.co.kr" local="132628860000000000" remote="133075644600000000" Dst="0" />
<file name="login_form.php" server="chldydtn88.dothome.co.kr" local="133076010755885857" remote="133075686600000000" Dst="0" />
<file name="login_insert.php" server="chldydtn88.dothome.co.kr" local="133076016357968033" remote="133075692000000000" Dst="0" />
<file name="logout.php" server="chldydtn88.dothome.co.kr" local="132628860000000000" remote="133075644600000000" Dst="0" />
<file name="member_delete.php" server="chldydtn88.dothome.co.kr" local="132844433480000000" remote="133075644600000000" Dst="0" />
<file name="member_form.php" server="chldydtn88.dothome.co.kr" local="133075995386389830" remote="133075671000000000" Dst="0" />
<file name="member_insert.php" server="chldydtn88.dothome.co.kr" local="133076838229417444" remote="133076514000000000" Dst="0" />
<file name="member_modify.php" server="chldydtn88.dothome.co.kr" local="133076107192809330" remote="133075782600000000" Dst="0" />
<file name="member_modify_form.php" server="chldydtn88.dothome.co.kr" local="133076087833921663" remote="133075763400000000" Dst="0" />
<file name="search_list.php" server="chldydtn88.dothome.co.kr" local="133080395193172323" remote="133080070800000000" Dst="0" />
<file name="search_list_view.php" server="chldydtn88.dothome.co.kr" local="132768904200000000" remote="133075644600000000" Dst="0" />
<file name="search_manager_form.php" server="chldydtn88.dothome.co.kr" local="132768904200000000" remote="133075644600000000" Dst="0" />
<file name="search_manager_form_delete.php" server="chldydtn88.dothome.co.kr" local="133080332970870791" remote="133080008400000000" Dst="0" />
<file name="search_manager_form_insert.php" server="chldydtn88.dothome.co.kr" local="133080386632780487" remote="133080062400000000" Dst="0" />
<file name="search_manager_form_modify.php" server="chldydtn88.dothome.co.kr" local="133080313470726112" remote="133079989200000000" Dst="0" />
<file name="search_manager_form_modify_insert.php" server="chldydtn88.dothome.co.kr" local="133080326061608951" remote="133080001800000000" Dst="0" />
</dwsync>